section,section_order,category_slug,category_name,category_order,article_slug,article_title,featured,read_minutes,video_desc,est_duration_sec,step_count,prereq_count,has_tips,has_warnings,file_path,recording_status,recorded_url,notes
Workspace,1,dashboard,Dashboard,1,add-and-arrange-widgets,Add and arrange dashboard widgets,false,3,Add and arrange widgets (90 sec),90,4,0,true,false,src/modules/knowledge-base/data/categories/dashboard.ts,,,
Workspace,1,dashboard,Dashboard,1,customize-your-default-view,Customize your default dashboard view,false,3,Customize default view (90 sec),90,4,0,false,false,src/modules/knowledge-base/data/categories/dashboard.ts,,,
Workspace,1,dashboard,Dashboard,1,dashboard-overview,Dashboard overview,true,4,Dashboard tour (3 min),180,4,2,true,false,src/modules/knowledge-base/data/categories/dashboard.ts,,,
Workspace,1,dashboard,Dashboard,1,dashboard-shortcuts,Dashboard keyboard shortcuts,false,2,Keyboard shortcuts (60 sec),60,3,0,true,false,src/modules/knowledge-base/data/categories/dashboard.ts,,,
Workspace,1,dashboard,Dashboard,1,widget-categories-explained,Widget categories explained,false,4,Widget categories (2 min),120,7,0,false,false,src/modules/knowledge-base/data/categories/dashboard.ts,,,
Workspace,1,pipeline-and-opportunities,Pipeline & Opportunities,2,bulk-actions-on-opportunities,Bulk actions on opportunities,false,3,Bulk actions (60 sec),60,4,0,false,true,src/modules/knowledge-base/data/categories/pipeline-and-opportunities.ts,,,
Workspace,1,pipeline-and-opportunities,Pipeline & Opportunities,2,convert-opportunity-to-job,Convert an opportunity to a job,false,3,Convert to job (90 sec),90,4,1,false,true,src/modules/knowledge-base/data/categories/pipeline-and-opportunities.ts,,,
Workspace,1,pipeline-and-opportunities,Pipeline & Opportunities,2,create-an-opportunity,Create a new opportunity,false,4,Create opportunity (2 min),120,6,0,false,false,src/modules/knowledge-base/data/categories/pipeline-and-opportunities.ts,,,
Workspace,1,pipeline-and-opportunities,Pipeline & Opportunities,2,drag-to-advance-stage,Drag a card to advance its stage,false,3,Drag to advance (60 sec),60,3,0,false,true,src/modules/knowledge-base/data/categories/pipeline-and-opportunities.ts,,,
Workspace,1,pipeline-and-opportunities,Pipeline & Opportunities,2,kanban-vs-list-view,Kanban view vs list view,false,3,Kanban vs list (90 sec),90,3,0,false,false,src/modules/knowledge-base/data/categories/pipeline-and-opportunities.ts,,,
Workspace,1,pipeline-and-opportunities,Pipeline & Opportunities,2,pipeline-filters,Filter the pipeline,false,3,Pipeline filters (2 min),120,5,0,true,false,src/modules/knowledge-base/data/categories/pipeline-and-opportunities.ts,,,
Workspace,1,pipeline-and-opportunities,Pipeline & Opportunities,2,pipeline-overview,Pipeline overview,true,5,Pipeline overview (3 min),180,4,1,true,false,src/modules/knowledge-base/data/categories/pipeline-and-opportunities.ts,,,
Workspace,1,pipeline-and-opportunities,Pipeline & Opportunities,2,pipelines-and-stages-settings,Configure pipelines and stages,false,5,Pipelines and stages (3 min),180,4,0,true,false,src/modules/knowledge-base/data/categories/pipeline-and-opportunities.ts,,,
Workspace,1,jobs,Jobs,3,assign-crew-to-a-job,Assign crew to a job,false,3,Assign crew (60 sec),60,4,0,true,false,src/modules/knowledge-base/data/categories/jobs.ts,,,
Workspace,1,jobs,Jobs,3,bulk-delete-jobs,Bulk delete jobs,false,2,Bulk delete (45 sec),45,4,0,false,true,src/modules/knowledge-base/data/categories/jobs.ts,,,
Workspace,1,jobs,Jobs,3,change-job-stage,Change a job's stage,false,3,Change job stage (90 sec),90,3,0,true,false,src/modules/knowledge-base/data/categories/jobs.ts,,,
Workspace,1,jobs,Jobs,3,convert-from-opportunity,Convert an opportunity to a job,false,3,Convert from opportunity (90 sec),90,4,0,false,false,src/modules/knowledge-base/data/categories/jobs.ts,,,
Workspace,1,jobs,Jobs,3,create-a-job,Create a new job,true,4,Create a job (2 min),120,7,2,true,false,src/modules/knowledge-base/data/categories/jobs.ts,,,
Workspace,1,jobs,Jobs,3,edit-job-details,Edit job details,false,3,Edit job details (90 sec),90,3,0,false,false,src/modules/knowledge-base/data/categories/jobs.ts,,,
Workspace,1,jobs,Jobs,3,job-filters,Filter the jobs list,false,3,Job filters (2 min),120,4,0,false,false,src/modules/knowledge-base/data/categories/jobs.ts,,,
Workspace,1,jobs,Jobs,3,job-settings-stages,Customize job workflow stages,false,4,Customize stages (2 min),120,4,0,false,true,src/modules/knowledge-base/data/categories/jobs.ts,,,
Workspace,1,jobs,Jobs,3,job-stages-and-workflow,Job stages and workflow,false,5,Job stages walkthrough (3 min),180,4,0,false,false,src/modules/knowledge-base/data/categories/jobs.ts,,,
Workspace,1,jobs,Jobs,3,pipeline-switcher,Switch between pipelines,false,2,Pipeline switcher (45 sec),45,3,0,false,false,src/modules/knowledge-base/data/categories/jobs.ts,,,
Workspace,1,calendar,Calendar,4,appointment-types,Configure appointment types,false,4,Appointment types (2 min),120,4,0,false,false,src/modules/knowledge-base/data/categories/calendar.ts,,,
Workspace,1,calendar,Calendar,4,book-an-appointment,Book an appointment,false,3,Book an appointment (90 sec),90,4,0,false,false,src/modules/knowledge-base/data/categories/calendar.ts,,,
Workspace,1,calendar,Calendar,4,calendar-overview,Calendar overview,false,4,Calendar tour (3 min),180,3,0,false,false,src/modules/knowledge-base/data/categories/calendar.ts,,,
Workspace,1,calendar,Calendar,4,calendar-settings,Calendar settings,false,3,Calendar settings (2 min),120,3,0,false,false,src/modules/knowledge-base/data/categories/calendar.ts,,,
Workspace,1,calendar,Calendar,4,sync-with-google-or-outlook,Sync with Google or Outlook,false,4,Calendar sync (90 sec),90,4,0,false,true,src/modules/knowledge-base/data/categories/calendar.ts,,,
Workspace,1,calendar,Calendar,4,team-availability,Manage team availability,false,4,Team availability (2 min),120,4,0,false,false,src/modules/knowledge-base/data/categories/calendar.ts,,,
Workspace,1,contacts,Contacts,5,add-a-contact,Add a new contact,false,3,Add a contact (60 sec),60,5,0,false,false,src/modules/knowledge-base/data/categories/contacts.ts,,,
Workspace,1,contacts,Contacts,5,bulk-edit-contacts,Bulk edit contacts,false,3,Bulk edit (60 sec),60,3,0,false,false,src/modules/knowledge-base/data/categories/contacts.ts,,,
Workspace,1,contacts,Contacts,5,contact-fields,Contact fields and custom fields,false,4,Contact fields (2 min),120,4,0,false,false,src/modules/knowledge-base/data/categories/contacts.ts,,,
Workspace,1,contacts,Contacts,5,contact-profile-tabs,The contact profile tabs,false,4,Contact profile tour (2 min),120,5,0,false,false,src/modules/knowledge-base/data/categories/contacts.ts,,,
Workspace,1,contacts,Contacts,5,export-contacts,Export contacts to CSV,false,2,Export contacts (45 sec),45,3,0,false,true,src/modules/knowledge-base/data/categories/contacts.ts,,,
Workspace,1,contacts,Contacts,5,find-and-merge-duplicates,Find and merge duplicate contacts,false,4,Merge duplicates (90 sec),90,4,0,false,true,src/modules/knowledge-base/data/categories/contacts.ts,,,
Workspace,1,contacts,Contacts,5,import-contacts-from-csv,Import contacts from a CSV,true,5,CSV import (3 min),180,6,2,true,false,src/modules/knowledge-base/data/categories/contacts.ts,,,
Workspace,1,contacts,Contacts,5,tags-and-segments,Tags and segments,false,3,Tags and segments (90 sec),90,3,0,false,false,src/modules/knowledge-base/data/categories/contacts.ts,,,
Workspace,1,conversations,Conversations,6,assign-thread-to-rep,Assign a thread to a rep,false,2,Assign thread (30 sec),30,3,0,false,false,src/modules/knowledge-base/data/categories/conversations.ts,,,
Workspace,1,conversations,Conversations,6,conversations-inbox,The Conversations inbox,true,4,Conversations tour (3 min),180,4,0,false,false,src/modules/knowledge-base/data/categories/conversations.ts,,,
Workspace,1,conversations,Conversations,6,internal-notes,Internal notes,false,2,Internal notes (30 sec),30,3,0,false,false,src/modules/knowledge-base/data/categories/conversations.ts,,,
Workspace,1,conversations,Conversations,6,phone-calls-and-recordings,Phone calls and call recordings,false,3,Calls and recordings (2 min),120,3,0,true,false,src/modules/knowledge-base/data/categories/conversations.ts,,,
Workspace,1,conversations,Conversations,6,send-an-email,Send an email,false,2,Send email (45 sec),45,3,0,false,false,src/modules/knowledge-base/data/categories/conversations.ts,,,
Workspace,1,conversations,Conversations,6,send-an-sms,Send an SMS,false,2,Send SMS (45 sec),45,3,0,false,true,src/modules/knowledge-base/data/categories/conversations.ts,,,
Workspace,1,job-cam,Job Cam,7,archive-job-cam-data,Archive Job Cam data,false,3,Archive (60 sec),60,3,0,false,false,src/modules/knowledge-base/data/categories/job-cam.ts,,,
Workspace,1,job-cam,Job Cam,7,daily-report-builder,Build a daily report,false,5,Daily report builder (3 min),180,5,0,false,false,src/modules/knowledge-base/data/categories/job-cam.ts,,,
Workspace,1,job-cam,Job Cam,7,job-cam-overview,Job Cam overview,true,5,Job Cam tour (3 min),180,3,0,false,false,src/modules/knowledge-base/data/categories/job-cam.ts,,,
Workspace,1,job-cam,Job Cam,7,job-cam-settings,Job Cam settings,false,3,Job Cam settings (2 min),120,4,0,false,false,src/modules/knowledge-base/data/categories/job-cam.ts,,,
Workspace,1,job-cam,Job Cam,7,media-organization,Organizing photos and media,false,4,Media organization (2 min),120,3,0,false,false,src/modules/knowledge-base/data/categories/job-cam.ts,,,
Workspace,1,job-cam,Job Cam,7,report-templates,Report templates,false,4,Report templates (2 min),120,4,0,false,false,src/modules/knowledge-base/data/categories/job-cam.ts,,,
Workspace,1,job-cam,Job Cam,7,share-gallery-with-homeowner,Share a gallery with a homeowner,false,3,Share gallery (60 sec),60,3,0,false,true,src/modules/knowledge-base/data/categories/job-cam.ts,,,
Workspace,1,job-cam,Job Cam,7,upload-photos-from-mobile,Upload photos from a phone or tablet,false,4,Mobile photo upload (90 sec),90,4,0,true,false,src/modules/knowledge-base/data/categories/job-cam.ts,,,
Workspace,1,proposals,Proposals,8,accept-deposits,Accept a deposit at signature,false,4,Accept deposits (2 min),120,4,0,false,false,src/modules/knowledge-base/data/categories/proposals.ts,,,
Workspace,1,proposals,Proposals,8,build-a-template,Build a proposal template,false,5,Build a template (3 min),180,5,0,true,false,src/modules/knowledge-base/data/categories/proposals.ts,,,
Workspace,1,proposals,Proposals,8,create-a-proposal-from-scratch,Create a proposal from scratch,false,4,Create proposal from scratch (2 min),120,6,0,false,false,src/modules/knowledge-base/data/categories/proposals.ts,,,
Workspace,1,proposals,Proposals,8,generate-proposal-with-sierra,Generate a proposal with Sierra AI,true,4,Generate with AI (2 min),120,6,0,true,false,src/modules/knowledge-base/data/categories/proposals.ts,,,
Workspace,1,proposals,Proposals,8,proposal-builder-tips,Proposal builder tips,false,3,Builder tips (90 sec),90,3,0,false,false,src/modules/knowledge-base/data/categories/proposals.ts,,,
Workspace,1,proposals,Proposals,8,proposal-line-items,Add line items to a proposal,false,4,Line items (2 min),120,5,0,false,false,src/modules/knowledge-base/data/categories/proposals.ts,,,
Workspace,1,proposals,Proposals,8,send-for-signature,Send a proposal for signature,false,3,Send for signature (60 sec),60,4,0,false,false,src/modules/knowledge-base/data/categories/proposals.ts,,,
Workspace,1,proposals,Proposals,8,template-library,Manage the template library,false,3,Template library (90 sec),90,3,0,false,false,src/modules/knowledge-base/data/categories/proposals.ts,,,
Workspace,1,proposals,Proposals,8,track-proposal-status,Track proposal status,false,3,Track status (90 sec),90,3,0,false,false,src/modules/knowledge-base/data/categories/proposals.ts,,,
Workspace,1,proposals,Proposals,8,use-a-proposal-template,Use a proposal template,false,3,Use a template (90 sec),90,3,0,false,false,src/modules/knowledge-base/data/categories/proposals.ts,,,
Workspace,1,measurements,Measurements,9,attach-measurement-to-proposal,Attach a measurement to a proposal,false,3,Attach measurement (60 sec),60,4,0,false,false,src/modules/knowledge-base/data/categories/measurements.ts,,,
Workspace,1,measurements,Measurements,9,diy-measurements-on-mobile,DIY measurements on mobile,false,4,DIY measurements (2 min),120,4,0,true,false,src/modules/knowledge-base/data/categories/measurements.ts,,,
Workspace,1,measurements,Measurements,9,eagleview-account-credits,EagleView account and credits,false,4,EagleView credits (90 sec),90,3,0,false,true,src/modules/knowledge-base/data/categories/measurements.ts,,,
Workspace,1,measurements,Measurements,9,measurement-order-history,Measurement order history,false,3,Order history (60 sec),60,4,0,false,false,src/modules/knowledge-base/data/categories/measurements.ts,,,
Workspace,1,measurements,Measurements,9,order-an-eagleview-report,Order an EagleView aerial measurement,true,5,Order EagleView (3 min),180,6,1,false,false,src/modules/knowledge-base/data/categories/measurements.ts,,,
Workspace,1,measurements,Measurements,9,payment-success-and-cancel,Payment success and cancel pages,false,2,Payment flow (45 sec),45,3,0,false,false,src/modules/knowledge-base/data/categories/measurements.ts,,,
Workspace,1,payments,Payments,10,accept-online-payment,Accept online payments,false,4,Online payment setup (2 min),120,3,0,true,false,src/modules/knowledge-base/data/categories/payments.ts,,,
Workspace,1,payments,Payments,10,coupons,Coupons and discount codes,false,3,Coupons (60 sec),60,3,0,false,false,src/modules/knowledge-base/data/categories/payments.ts,,,
Workspace,1,payments,Payments,10,create-an-estimate,Create an estimate,false,3,Create estimate (90 sec),90,4,0,false,false,src/modules/knowledge-base/data/categories/payments.ts,,,
Workspace,1,payments,Payments,10,create-an-invoice,Create an invoice,true,4,Create invoice (2 min),120,5,0,false,false,src/modules/knowledge-base/data/categories/payments.ts,,,
Workspace,1,payments,Payments,10,payments-overview,Payments overview,false,4,Payments tour (3 min),180,4,0,false,false,src/modules/knowledge-base/data/categories/payments.ts,,,
Workspace,1,payments,Payments,10,quickbooks-two-way-sync,QuickBooks two-way sync,true,6,QuickBooks sync (3 min),180,5,1,false,true,src/modules/knowledge-base/data/categories/payments.ts,,,
Workspace,1,payments,Payments,10,transactions-tab,Transactions tab,false,3,Transactions (90 sec),90,3,0,false,false,src/modules/knowledge-base/data/categories/payments.ts,,,
Marketing & Growth,2,forms-and-funnels,Forms & Funnels,1,create-a-lead-form,Create a lead form,true,4,Create lead form (2 min),120,5,0,false,false,src/modules/knowledge-base/data/categories/forms-and-funnels.ts,,,
Marketing & Growth,2,forms-and-funnels,Forms & Funnels,1,embed-a-form-on-your-website,Embed a form on your website,false,3,Embed form (60 sec),60,4,0,false,false,src/modules/knowledge-base/data/categories/forms-and-funnels.ts,,,
Marketing & Growth,2,forms-and-funnels,Forms & Funnels,1,form-builder-overview,Form builder overview,false,4,Form builder tour (2 min),120,4,0,false,false,src/modules/knowledge-base/data/categories/forms-and-funnels.ts,,,
Marketing & Growth,2,forms-and-funnels,Forms & Funnels,1,form-routing-rules,Form routing rules,false,4,Routing rules (2 min),120,4,0,false,false,src/modules/knowledge-base/data/categories/forms-and-funnels.ts,,,
Marketing & Growth,2,forms-and-funnels,Forms & Funnels,1,form-styling-and-branding,Style and brand a form,false,3,Style a form (90 sec),90,4,0,false,false,src/modules/knowledge-base/data/categories/forms-and-funnels.ts,,,
Marketing & Growth,2,forms-and-funnels,Forms & Funnels,1,form-submissions,Manage form submissions,false,3,Submissions (90 sec),90,3,0,false,false,src/modules/knowledge-base/data/categories/forms-and-funnels.ts,,,
Marketing & Growth,2,forms-and-funnels,Forms & Funnels,1,funnel-analytics,Funnel analytics,false,3,Funnel analytics (90 sec),90,3,0,false,false,src/modules/knowledge-base/data/categories/forms-and-funnels.ts,,,
Marketing & Growth,2,forms-and-funnels,Forms & Funnels,1,multi-step-funnels,Build a multi-step funnel,false,5,Multi-step funnels (3 min),180,5,0,false,false,src/modules/knowledge-base/data/categories/forms-and-funnels.ts,,,
Marketing & Growth,2,campaigns,Campaigns,2,a-b-testing,A/B test a campaign,false,4,A/B testing (2 min),120,4,0,false,false,src/modules/knowledge-base/data/categories/campaigns.ts,,,
Marketing & Growth,2,campaigns,Campaigns,2,audience-targeting,Target the right audience,false,4,Audience targeting (2 min),120,3,0,false,false,src/modules/knowledge-base/data/categories/campaigns.ts,,,
Marketing & Growth,2,campaigns,Campaigns,2,campaign-studio-overview,Campaign studio overview,false,4,Campaign studio tour (2 min),120,3,0,false,false,src/modules/knowledge-base/data/categories/campaigns.ts,,,
Marketing & Growth,2,campaigns,Campaigns,2,campaign-templates,Campaign templates,false,3,Campaign templates (90 sec),90,3,0,false,false,src/modules/knowledge-base/data/categories/campaigns.ts,,,
Marketing & Growth,2,campaigns,Campaigns,2,email-campaign,Send an email campaign,false,4,Email campaign (2 min),120,5,0,false,false,src/modules/knowledge-base/data/categories/campaigns.ts,,,
Marketing & Growth,2,campaigns,Campaigns,2,schedule-and-send,Schedule a campaign,false,3,Schedule and send (90 sec),90,3,0,false,false,src/modules/knowledge-base/data/categories/campaigns.ts,,,
Marketing & Growth,2,campaigns,Campaigns,2,sms-campaign,Send an SMS campaign,false,3,SMS campaign (90 sec),90,4,0,false,true,src/modules/knowledge-base/data/categories/campaigns.ts,,,
Marketing & Growth,2,campaigns,Campaigns,2,track-opens-clicks-replies,"Track opens, clicks, and replies",false,3,Campaign tracking (2 min),120,3,0,false,false,src/modules/knowledge-base/data/categories/campaigns.ts,,,
Marketing & Growth,2,social-planner,Social Planner,3,compose-a-post,Compose a social post,false,4,Compose post (2 min),120,5,0,false,false,src/modules/knowledge-base/data/categories/social-planner.ts,,,
Marketing & Growth,2,social-planner,Social Planner,3,connect-facebook-instagram,Connect Facebook and Instagram,false,3,Connect FB/IG (90 sec),90,3,0,false,false,src/modules/knowledge-base/data/categories/social-planner.ts,,,
Marketing & Growth,2,social-planner,Social Planner,3,connect-tiktok,Connect TikTok for Business,false,3,Connect TikTok (90 sec),90,3,0,false,false,src/modules/knowledge-base/data/categories/social-planner.ts,,,
Marketing & Growth,2,social-planner,Social Planner,3,schedule-content-calendar,Plan a content calendar,false,4,Content calendar (2 min),120,3,0,false,false,src/modules/knowledge-base/data/categories/social-planner.ts,,,
Marketing & Growth,2,social-planner,Social Planner,3,social-planner-overview,Social planner overview,false,3,Social planner tour (2 min),120,3,0,false,false,src/modules/knowledge-base/data/categories/social-planner.ts,,,
Marketing & Growth,2,social-planner,Social Planner,3,track-post-performance,Track social post performance,false,3,Post performance (90 sec),90,3,0,false,false,src/modules/knowledge-base/data/categories/social-planner.ts,,,
Marketing & Growth,2,google-ads,Google Ads,4,attribution-from-ads-to-jobs,Attribute Google Ads to jobs,false,4,Attribution (2 min),120,3,0,false,false,src/modules/knowledge-base/data/categories/google-ads.ts,,,
Marketing & Growth,2,google-ads,Google Ads,4,connect-google-ads,Connect Google Ads,false,3,Connect Google Ads (90 sec),90,3,0,false,false,src/modules/knowledge-base/data/categories/google-ads.ts,,,
Marketing & Growth,2,google-ads,Google Ads,4,keyword-and-cost-reports,Keyword and cost reports,false,3,Keyword reports (90 sec),90,3,0,false,false,src/modules/knowledge-base/data/categories/google-ads.ts,,,
Marketing & Growth,2,google-ads,Google Ads,4,roi-by-campaign,ROI by Google Ads campaign,false,3,ROI report (90 sec),90,3,0,false,false,src/modules/knowledge-base/data/categories/google-ads.ts,,,
Marketing & Growth,2,google-ads,Google Ads,4,troubleshooting-data-gaps,Troubleshooting Google Ads data gaps,false,3,Troubleshooting (90 sec),90,3,0,false,false,src/modules/knowledge-base/data/categories/google-ads.ts,,,
Marketing & Growth,2,google-ads,Google Ads,4,view-campaign-performance,View Google Ads campaign performance,false,3,Performance dashboard (90 sec),90,3,0,false,false,src/modules/knowledge-base/data/categories/google-ads.ts,,,
Marketing & Growth,2,meta-ads,Meta Ads,5,attribution-to-jobs,Attribute Meta Ads to jobs,false,3,Attribution (90 sec),90,3,0,false,false,src/modules/knowledge-base/data/categories/meta-ads.ts,,,
Marketing & Growth,2,meta-ads,Meta Ads,5,connect-facebook-ads-account,Connect a Facebook Ads account,false,3,Connect Meta Ads (90 sec),90,3,0,false,false,src/modules/knowledge-base/data/categories/meta-ads.ts,,,
Marketing & Growth,2,meta-ads,Meta Ads,5,creative-and-audience-reports,Creative and audience reports,false,4,Creative reports (2 min),120,3,0,false,false,src/modules/knowledge-base/data/categories/meta-ads.ts,,,
Marketing & Growth,2,meta-ads,Meta Ads,5,meta-campaigns-overview,Meta campaigns overview,false,3,Meta dashboard (90 sec),90,3,0,false,false,src/modules/knowledge-base/data/categories/meta-ads.ts,,,
Marketing & Growth,2,meta-ads,Meta Ads,5,pixel-and-capi-events,Meta Pixel and Conversions API,false,5,Pixel + CAPI (3 min),180,3,0,false,true,src/modules/knowledge-base/data/categories/meta-ads.ts,,,
Marketing & Growth,2,meta-ads,Meta Ads,5,roi-by-campaign,ROI by Meta campaign,false,3,Meta ROI (90 sec),90,3,0,false,false,src/modules/knowledge-base/data/categories/meta-ads.ts,,,
Marketing & Growth,2,tiktok-ads,TikTok Ads,6,attribution-to-jobs,Attribute TikTok ads to jobs,false,3,TikTok attribution (60 sec),60,2,0,false,false,src/modules/knowledge-base/data/categories/tiktok-ads.ts,,,
Marketing & Growth,2,tiktok-ads,TikTok Ads,6,connect-tiktok-ads,Connect TikTok for Business Ads,false,3,Connect TikTok Ads (90 sec),90,3,0,false,false,src/modules/knowledge-base/data/categories/tiktok-ads.ts,,,
Marketing & Growth,2,tiktok-ads,TikTok Ads,6,creative-performance,TikTok creative performance,false,3,Creative performance (90 sec),90,3,0,false,false,src/modules/knowledge-base/data/categories/tiktok-ads.ts,,,
Marketing & Growth,2,tiktok-ads,TikTok Ads,6,tiktok-campaigns-overview,TikTok campaigns overview,false,3,TikTok dashboard (90 sec),90,3,0,false,false,src/modules/knowledge-base/data/categories/tiktok-ads.ts,,,
Marketing & Growth,2,tiktok-ads,TikTok Ads,6,troubleshooting,Troubleshooting TikTok Ads,false,3,Troubleshooting (90 sec),90,3,0,false,false,src/modules/knowledge-base/data/categories/tiktok-ads.ts,,,
Marketing & Growth,2,attribution-and-analytics,Attribution & Analytics,7,attribution-overview,Attribution overview,true,5,Attribution overview (3 min),180,3,0,false,false,src/modules/knowledge-base/data/categories/attribution-and-analytics.ts,,,
Marketing & Growth,2,attribution-and-analytics,Attribution & Analytics,7,attribution-troubleshooting,Troubleshooting attribution,false,4,Troubleshooting (2 min),120,3,0,false,false,src/modules/knowledge-base/data/categories/attribution-and-analytics.ts,,,
Marketing & Growth,2,attribution-and-analytics,Attribution & Analytics,7,google-analytics-integration,Google Analytics integration,false,4,GA integration (2 min),120,3,0,false,false,src/modules/knowledge-base/data/categories/attribution-and-analytics.ts,,,
Marketing & Growth,2,attribution-and-analytics,Attribution & Analytics,7,google-business-profile-analytics,Google Business Profile analytics,false,4,GBP analytics (2 min),120,3,0,false,false,src/modules/knowledge-base/data/categories/attribution-and-analytics.ts,,,
Marketing & Growth,2,attribution-and-analytics,Attribution & Analytics,7,lead-source-tracking,Lead source tracking,false,4,Lead source tracking (2 min),120,3,0,false,false,src/modules/knowledge-base/data/categories/attribution-and-analytics.ts,,,
Marketing & Growth,2,attribution-and-analytics,Attribution & Analytics,7,multi-touch-attribution,Multi-touch attribution,false,5,Multi-touch (3 min),180,4,0,false,false,src/modules/knowledge-base/data/categories/attribution-and-analytics.ts,,,
Marketing & Growth,2,attribution-and-analytics,Attribution & Analytics,7,platform-analytics-detail,Platform analytics detail page,false,3,Platform detail (90 sec),90,3,0,false,false,src/modules/knowledge-base/data/categories/attribution-and-analytics.ts,,,
Marketing & Growth,2,attribution-and-analytics,Attribution & Analytics,7,revenue-by-channel,Revenue by channel,false,3,Revenue by channel (90 sec),90,3,0,false,false,src/modules/knowledge-base/data/categories/attribution-and-analytics.ts,,,
Marketing & Growth,2,reputation,Reputation,8,ai-reply-suggestions,AI reply suggestions,false,3,AI reply suggestions (90 sec),90,3,0,false,false,src/modules/knowledge-base/data/categories/reputation.ts,,,
Marketing & Growth,2,reputation,Reputation,8,connect-google-business-profile,Connect Google Business Profile,false,3,Connect GBP (90 sec),90,3,0,false,false,src/modules/knowledge-base/data/categories/reputation.ts,,,
Marketing & Growth,2,reputation,Reputation,8,monitor-reviews,Monitor reviews,true,3,Monitor reviews (90 sec),90,3,0,false,false,src/modules/knowledge-base/data/categories/reputation.ts,,,
Marketing & Growth,2,reputation,Reputation,8,qr-code-builder,Review QR code builder,false,3,QR builder (90 sec),90,3,0,false,false,src/modules/knowledge-base/data/categories/reputation.ts,,,
Marketing & Growth,2,reputation,Reputation,8,reply-to-reviews,Reply to a review,false,3,Reply to review (90 sec),90,3,0,false,false,src/modules/knowledge-base/data/categories/reputation.ts,,,
Sierra AI,3,voice-agents,Voice Agents,1,agent-analytics,Agent analytics,false,3,Agent analytics (90 sec),90,3,0,false,false,src/modules/knowledge-base/data/categories/voice-agents.ts,,,
Sierra AI,3,voice-agents,Voice Agents,1,agent-builder-walkthrough,Agent builder walkthrough,false,5,Agent builder tour (3 min),180,6,0,false,false,src/modules/knowledge-base/data/categories/voice-agents.ts,,,
Sierra AI,3,voice-agents,Voice Agents,1,create-a-voice-agent,Create a Sierra voice agent,true,6,Create a voice agent (4 min),240,7,0,false,false,src/modules/knowledge-base/data/categories/voice-agents.ts,,,
Sierra AI,3,voice-agents,Voice Agents,1,handoff-to-human,Hand off to a human,false,4,Handoff (2 min),120,3,0,false,false,src/modules/knowledge-base/data/categories/voice-agents.ts,,,
Sierra AI,3,voice-agents,Voice Agents,1,inbound-call-routing,Inbound call routing,false,4,Inbound routing (2 min),120,4,0,false,false,src/modules/knowledge-base/data/categories/voice-agents.ts,,,
Sierra AI,3,voice-agents,Voice Agents,1,record-greeting,Record or write the agent's greeting,false,3,Greeting (60 sec),60,3,0,false,false,src/modules/knowledge-base/data/categories/voice-agents.ts,,,
Sierra AI,3,voice-agents,Voice Agents,1,system-prompt-and-script,System prompt and call script,false,6,System prompt (4 min),240,4,0,true,false,src/modules/knowledge-base/data/categories/voice-agents.ts,,,
Sierra AI,3,voice-agents,Voice Agents,1,voice-and-tone,Pick a voice and tone,false,3,Voice and tone (90 sec),90,3,0,false,false,src/modules/knowledge-base/data/categories/voice-agents.ts,,,
Sierra AI,3,sms-agents,SMS Agents,2,create-an-sms-agent,Create an SMS agent,false,5,Create SMS agent (3 min),180,4,0,false,false,src/modules/knowledge-base/data/categories/sms-agents.ts,,,
Sierra AI,3,sms-agents,SMS Agents,2,keyword-triggers,Keyword triggers,false,3,Keyword triggers (90 sec),90,3,0,false,true,src/modules/knowledge-base/data/categories/sms-agents.ts,,,
Sierra AI,3,sms-agents,SMS Agents,2,link-to-booking,Link to a booking calendar,false,3,Link to booking (90 sec),90,3,0,false,false,src/modules/knowledge-base/data/categories/sms-agents.ts,,,
Sierra AI,3,sms-agents,SMS Agents,2,sms-agent-logs,View SMS agent logs,false,3,SMS logs (90 sec),90,3,0,false,false,src/modules/knowledge-base/data/categories/sms-agents.ts,,,
Sierra AI,3,sms-agents,SMS Agents,2,sms-conversation-flow,SMS conversation flow,false,5,Conversation flow (3 min),180,4,0,false,false,src/modules/knowledge-base/data/categories/sms-agents.ts,,,
Sierra AI,3,knowledge-and-docs,Knowledge & Documents,3,knowledge-source-priority,Knowledge source priority,false,3,Source priority (90 sec),90,3,0,false,false,src/modules/knowledge-base/data/categories/knowledge-and-docs.ts,,,
Sierra AI,3,knowledge-and-docs,Knowledge & Documents,3,pdf-and-doc-indexing,PDF and document indexing,false,4,Indexing (2 min),120,3,0,true,false,src/modules/knowledge-base/data/categories/knowledge-and-docs.ts,,,
Sierra AI,3,knowledge-and-docs,Knowledge & Documents,3,test-agent-against-knowledge,Test the agent against knowledge,false,3,Test knowledge (90 sec),90,3,0,false,false,src/modules/knowledge-base/data/categories/knowledge-and-docs.ts,,,
Sierra AI,3,knowledge-and-docs,Knowledge & Documents,3,update-and-resync-documents,Update and re-sync documents,false,3,Re-sync (90 sec),90,3,0,false,false,src/modules/knowledge-base/data/categories/knowledge-and-docs.ts,,,
Sierra AI,3,knowledge-and-docs,Knowledge & Documents,3,upload-knowledge-documents,Upload knowledge documents,false,4,Upload knowledge (2 min),120,4,0,false,false,src/modules/knowledge-base/data/categories/knowledge-and-docs.ts,,,
Sierra AI,3,routing-and-numbers,Routing & Numbers,4,assign-number-to-agent,Assign a number to an agent,false,3,Assign number (60 sec),60,3,0,false,false,src/modules/knowledge-base/data/categories/routing-and-numbers.ts,,,
Sierra AI,3,routing-and-numbers,Routing & Numbers,4,business-hours-and-routing,Business hours and after-hours routing,false,4,Business hours (2 min),120,3,0,false,false,src/modules/knowledge-base/data/categories/routing-and-numbers.ts,,,
Sierra AI,3,routing-and-numbers,Routing & Numbers,4,import-phone-numbers,Import or buy phone numbers,false,4,Import numbers (2 min),120,4,0,false,false,src/modules/knowledge-base/data/categories/routing-and-numbers.ts,,,
Sierra AI,3,routing-and-numbers,Routing & Numbers,4,number-billing,Phone number billing,false,3,Number billing (90 sec),90,3,0,false,false,src/modules/knowledge-base/data/categories/routing-and-numbers.ts,,,
Sierra AI,3,routing-and-numbers,Routing & Numbers,4,number-pooling,Number pooling,false,4,Number pooling (2 min),120,3,0,false,false,src/modules/knowledge-base/data/categories/routing-and-numbers.ts,,,
Sierra AI,3,routing-and-numbers,Routing & Numbers,4,voicemail-and-after-hours,Voicemail and after-hours messages,false,3,Voicemail (90 sec),90,3,0,false,false,src/modules/knowledge-base/data/categories/routing-and-numbers.ts,,,
Sierra AI,3,sierra-templates,Templates,5,agent-template-gallery,Agent template gallery,false,3,Template gallery (90 sec),90,3,0,false,false,src/modules/knowledge-base/data/categories/sierra-templates.ts,,,
Sierra AI,3,sierra-templates,Templates,5,clone-a-template,Clone a template into your account,false,3,Clone template (60 sec),60,4,0,false,false,src/modules/knowledge-base/data/categories/sierra-templates.ts,,,
Sierra AI,3,sierra-templates,Templates,5,customize-a-template,Customize a cloned template,false,4,Customize template (2 min),120,4,0,false,false,src/modules/knowledge-base/data/categories/sierra-templates.ts,,,
Sierra AI,3,sierra-templates,Templates,5,share-template-internally,Share an agent template internally,false,3,Share internally (90 sec),90,3,0,false,false,src/modules/knowledge-base/data/categories/sierra-templates.ts,,,
Sierra AI,3,sierra-templates,Templates,5,template-best-practices,Template best practices,false,4,Template tips (2 min),120,3,0,false,false,src/modules/knowledge-base/data/categories/sierra-templates.ts,,,
Sierra AI,3,logs-and-testing,Logs & Testing,6,export-conversation-data,Export conversation data,false,3,Export data (90 sec),90,3,0,false,false,src/modules/knowledge-base/data/categories/logs-and-testing.ts,,,
Sierra AI,3,logs-and-testing,Logs & Testing,6,failed-call-troubleshooting,Troubleshoot failed calls,false,4,Troubleshooting (2 min),120,3,0,false,false,src/modules/knowledge-base/data/categories/logs-and-testing.ts,,,
Sierra AI,3,logs-and-testing,Logs & Testing,6,quality-scoring,Call quality scoring,false,3,Quality scoring (90 sec),90,3,0,false,false,src/modules/knowledge-base/data/categories/logs-and-testing.ts,,,
Sierra AI,3,logs-and-testing,Logs & Testing,6,simulated-call-testing,Simulated call testing,false,4,Simulator (2 min),120,3,0,false,false,src/modules/knowledge-base/data/categories/logs-and-testing.ts,,,
Sierra AI,3,logs-and-testing,Logs & Testing,6,test-an-agent-live,Test an agent live,false,3,Live test (90 sec),90,3,0,false,false,src/modules/knowledge-base/data/categories/logs-and-testing.ts,,,
Sierra AI,3,logs-and-testing,Logs & Testing,6,transcript-and-summary,Transcripts and summaries,false,3,Transcripts (90 sec),90,3,0,false,false,src/modules/knowledge-base/data/categories/logs-and-testing.ts,,,
Sierra AI,3,logs-and-testing,Logs & Testing,6,view-call-logs,View call logs,false,3,Call logs (90 sec),90,3,0,false,false,src/modules/knowledge-base/data/categories/logs-and-testing.ts,,,
Field & Operations,4,storm-canvassing,Storm Canvassing,1,assign-reps-to-turf,Assign reps to a turf,false,3,Assign reps (90 sec),90,3,0,false,false,src/modules/knowledge-base/data/categories/storm-canvassing.ts,,,
Field & Operations,4,storm-canvassing,Storm Canvassing,1,create-a-turf,Create a turf,false,4,Create a turf (2 min),120,4,0,false,false,src/modules/knowledge-base/data/categories/storm-canvassing.ts,,,
Field & Operations,4,storm-canvassing,Storm Canvassing,1,door-by-door-visits,Log door-to-door visits,false,4,Door visits (2 min),120,4,0,false,false,src/modules/knowledge-base/data/categories/storm-canvassing.ts,,,
Field & Operations,4,storm-canvassing,Storm Canvassing,1,gps-rep-tracking,GPS rep tracking,false,4,GPS tracking (2 min),120,3,0,false,true,src/modules/knowledge-base/data/categories/storm-canvassing.ts,,,
Field & Operations,4,storm-canvassing,Storm Canvassing,1,historical-storm-data,Historical storm data,false,4,Historical storms (2 min),120,3,0,false,false,src/modules/knowledge-base/data/categories/storm-canvassing.ts,,,
Field & Operations,4,storm-canvassing,Storm Canvassing,1,lead-capture-from-doors,Capture a lead from a door,false,3,Door lead capture (90 sec),90,3,0,false,false,src/modules/knowledge-base/data/categories/storm-canvassing.ts,,,
Field & Operations,4,storm-canvassing,Storm Canvassing,1,live-storm-tracking,Live storm tracking,false,4,Live storms (2 min),120,3,0,false,false,src/modules/knowledge-base/data/categories/storm-canvassing.ts,,,
Field & Operations,4,storm-canvassing,Storm Canvassing,1,manager-dashboard,Storm manager dashboard,false,4,Manager dashboard (2 min),120,3,0,false,false,src/modules/knowledge-base/data/categories/storm-canvassing.ts,,,
Field & Operations,4,storm-canvassing,Storm Canvassing,1,mobile-canvassing,Mobile canvassing app,false,4,Mobile canvassing (2 min),120,4,0,false,false,src/modules/knowledge-base/data/categories/storm-canvassing.ts,,,
Field & Operations,4,storm-canvassing,Storm Canvassing,1,storm-canvassing-overview,Storm Intelligence and canvassing overview,true,5,Storm canvassing tour (3 min),180,4,0,false,false,src/modules/knowledge-base/data/categories/storm-canvassing.ts,,,
Field & Operations,4,material-orders,Material Orders,2,connect-abc-supply,Connect ABC Supply,false,3,Connect ABC (90 sec),90,3,0,false,false,src/modules/knowledge-base/data/categories/material-orders.ts,,,
Field & Operations,4,material-orders,Material Orders,2,connect-qxo-beacon,Connect QXO (Beacon),false,3,Connect QXO (90 sec),90,3,0,false,false,src/modules/knowledge-base/data/categories/material-orders.ts,,,
Field & Operations,4,material-orders,Material Orders,2,connect-srs-distribution,Connect SRS Distribution,false,3,Connect SRS (90 sec),90,3,0,false,false,src/modules/knowledge-base/data/categories/material-orders.ts,,,
Field & Operations,4,material-orders,Material Orders,2,material-orders-overview,Material orders overview,false,4,Material orders tour (2 min),120,4,0,false,false,src/modules/knowledge-base/data/categories/material-orders.ts,,,
Field & Operations,4,material-orders,Material Orders,2,place-a-material-order,Place a material order,true,4,Place order (2 min),120,5,0,false,false,src/modules/knowledge-base/data/categories/material-orders.ts,,,
Field & Operations,4,material-orders,Material Orders,2,track-order-status,Track order status,false,3,Track orders (90 sec),90,3,0,false,false,src/modules/knowledge-base/data/categories/material-orders.ts,,,
Field & Operations,4,work-orders,Work Orders,3,assign-work-orders,Assign work orders,false,3,Assign POs (90 sec),90,3,0,false,false,src/modules/knowledge-base/data/categories/work-orders.ts,,,
Field & Operations,4,work-orders,Work Orders,3,create-a-purchase-order,Create a purchase order,false,4,Create PO (2 min),120,4,0,false,false,src/modules/knowledge-base/data/categories/work-orders.ts,,,
Field & Operations,4,work-orders,Work Orders,3,printing-and-emailing-pos,Print or email a PO,false,3,Print/email PO (90 sec),90,3,0,false,false,src/modules/knowledge-base/data/categories/work-orders.ts,,,
Field & Operations,4,work-orders,Work Orders,3,work-order-statuses,Work order statuses,false,3,PO statuses (90 sec),90,5,0,false,false,src/modules/knowledge-base/data/categories/work-orders.ts,,,
Field & Operations,4,work-orders,Work Orders,3,work-orders-overview,Work orders overview,false,4,Work orders tour (2 min),120,3,0,false,false,src/modules/knowledge-base/data/categories/work-orders.ts,,,
Field & Operations,4,catalog-and-pricing,Catalog & Pricing,4,add-a-catalog-item,Add a catalog item,false,3,Add item (90 sec),90,4,0,false,false,src/modules/knowledge-base/data/categories/catalog-and-pricing.ts,,,
Field & Operations,4,catalog-and-pricing,Catalog & Pricing,4,catalog-overview,Catalog overview,false,4,Catalog tour (2 min),120,3,0,false,false,src/modules/knowledge-base/data/categories/catalog-and-pricing.ts,,,
Field & Operations,4,catalog-and-pricing,Catalog & Pricing,4,import-pricing-from-csv,Import pricing from CSV,false,4,CSV import (2 min),120,4,0,false,false,src/modules/knowledge-base/data/categories/catalog-and-pricing.ts,,,
Field & Operations,4,catalog-and-pricing,Catalog & Pricing,4,linking-catalog-to-proposals,Link the catalog to proposals,false,3,Catalog in proposals (90 sec),90,4,0,false,false,src/modules/knowledge-base/data/categories/catalog-and-pricing.ts,,,
Field & Operations,4,catalog-and-pricing,Catalog & Pricing,4,pricing-tiers,Pricing tiers,false,4,Pricing tiers (2 min),120,3,0,false,false,src/modules/knowledge-base/data/categories/catalog-and-pricing.ts,,,
Automation & Reporting,5,automations,Automations,1,actions-explained,Actions explained,false,5,Actions (2 min),120,5,0,false,false,src/modules/knowledge-base/data/categories/automations.ts,,,
Automation & Reporting,5,automations,Automations,1,automations-overview,Automations overview,false,4,Automations tour (2 min),120,3,0,false,false,src/modules/knowledge-base/data/categories/automations.ts,,,
Automation & Reporting,5,automations,Automations,1,conditions-and-branching,Conditions and branching,false,4,Conditions (2 min),120,3,0,false,false,src/modules/knowledge-base/data/categories/automations.ts,,,
Automation & Reporting,5,automations,Automations,1,create-a-workflow,Create a workflow,true,5,Create workflow (3 min),180,5,0,false,false,src/modules/knowledge-base/data/categories/automations.ts,,,
Automation & Reporting,5,automations,Automations,1,delays-and-waits,Delays and waits,false,3,Delays (90 sec),90,3,0,false,false,src/modules/knowledge-base/data/categories/automations.ts,,,
Automation & Reporting,5,automations,Automations,1,enrolling-and-de-enrolling-contacts,Enrolling and de-enrolling contacts,false,3,Enrollment (90 sec),90,3,0,false,false,src/modules/knowledge-base/data/categories/automations.ts,,,
Automation & Reporting,5,automations,Automations,1,enrollment-history,Enrollment history,false,3,Enrollment history (90 sec),90,3,0,false,false,src/modules/knowledge-base/data/categories/automations.ts,,,
Automation & Reporting,5,automations,Automations,1,execution-logs,Execution logs,false,4,Execution logs (2 min),120,3,0,false,false,src/modules/knowledge-base/data/categories/automations.ts,,,
Automation & Reporting,5,automations,Automations,1,triggers-explained,Triggers explained,false,5,Triggers (2 min),120,5,0,false,false,src/modules/knowledge-base/data/categories/automations.ts,,,
Automation & Reporting,5,automations,Automations,1,workflow-templates,Workflow templates,false,3,Workflow templates (90 sec),90,3,0,false,false,src/modules/knowledge-base/data/categories/automations.ts,,,
Automation & Reporting,5,reporting,Reporting,2,ai-executive-reports,AI executive reports,true,4,AI Reports (2 min),120,4,0,false,false,src/modules/knowledge-base/data/categories/reporting.ts,,,
Automation & Reporting,5,reporting,Reporting,2,appointment-report,Appointment report,false,3,Appointment report (90 sec),90,3,0,false,false,src/modules/knowledge-base/data/categories/reporting.ts,,,
Automation & Reporting,5,reporting,Reporting,2,audit-report,Audit report,false,4,Audit report (2 min),120,3,0,false,false,src/modules/knowledge-base/data/categories/reporting.ts,,,
Automation & Reporting,5,reporting,Reporting,2,call-report,Call report,false,3,Call report (90 sec),90,3,0,false,false,src/modules/knowledge-base/data/categories/reporting.ts,,,
Automation & Reporting,5,reporting,Reporting,2,custom-report-builder,Custom report builder,false,5,Custom builder (3 min),180,5,0,false,false,src/modules/knowledge-base/data/categories/reporting.ts,,,
Automation & Reporting,5,reporting,Reporting,2,export-as-pdf-or-csv,Export reports as PDF or CSV,false,2,Export (60 sec),60,2,0,false,false,src/modules/knowledge-base/data/categories/reporting.ts,,,
Automation & Reporting,5,reporting,Reporting,2,pre-built-reports,Pre-built reports,false,3,Pre-built reports (90 sec),90,4,0,false,false,src/modules/knowledge-base/data/categories/reporting.ts,,,
Automation & Reporting,5,reporting,Reporting,2,reporting-overview,Reporting overview,false,4,Reporting tour (2 min),120,3,0,false,false,src/modules/knowledge-base/data/categories/reporting.ts,,,
Automation & Reporting,5,reporting,Reporting,2,schedule-a-report,Schedule a report,false,3,Schedule report (90 sec),90,3,0,false,false,src/modules/knowledge-base/data/categories/reporting.ts,,,
Automation & Reporting,5,reporting,Reporting,2,unified-reports-tab,The Unified Reports tab,false,3,Unified Reports (90 sec),90,3,0,false,false,src/modules/knowledge-base/data/categories/reporting.ts,,,
Settings,6,settings-profile,Profile,1,change-password,Change your password,false,2,Change password (45 sec),45,3,0,false,false,src/modules/knowledge-base/data/categories/settings-profile.ts,,,
Settings,6,settings-profile,Profile,1,email-signature,Set your email signature,false,2,Email signature (45 sec),45,3,0,false,false,src/modules/knowledge-base/data/categories/settings-profile.ts,,,
Settings,6,settings-profile,Profile,1,enable-mfa,Enable two-factor authentication,false,3,Enable MFA (90 sec),90,4,0,false,false,src/modules/knowledge-base/data/categories/settings-profile.ts,,,
Settings,6,settings-profile,Profile,1,profile-overview,Profile overview,false,3,Profile tour (90 sec),90,3,0,false,false,src/modules/knowledge-base/data/categories/settings-profile.ts,,,
Settings,6,settings-profile,Profile,1,profile-troubleshooting,Profile troubleshooting,false,3,Troubleshooting (90 sec),90,3,0,false,false,src/modules/knowledge-base/data/categories/settings-profile.ts,,,
Settings,6,settings-business-info,Business Info,2,business-hours,Set business hours,false,3,Business hours (60 sec),60,3,0,false,false,src/modules/knowledge-base/data/categories/settings-business-info.ts,,,
Settings,6,settings-business-info,Business Info,2,business-info-overview,Business info overview,false,3,Business info tour (60 sec),60,3,0,false,false,src/modules/knowledge-base/data/categories/settings-business-info.ts,,,
Settings,6,settings-business-info,Business Info,2,business-info-troubleshooting,Business info troubleshooting,false,2,Troubleshooting (45 sec),45,2,0,false,false,src/modules/knowledge-base/data/categories/settings-business-info.ts,,,
Settings,6,settings-business-info,Business Info,2,set-business-address,Set your business address,false,2,Address (30 sec),30,3,0,false,false,src/modules/knowledge-base/data/categories/settings-business-info.ts,,,
Settings,6,settings-business-info,Business Info,2,tax-and-ein,Tax info and EIN,false,3,Tax + EIN (60 sec),60,3,0,false,false,src/modules/knowledge-base/data/categories/settings-business-info.ts,,,
Settings,6,settings-staff,Staff,3,deactivate-a-user,Deactivate a user,false,2,Deactivate user (45 sec),45,2,0,false,false,src/modules/knowledge-base/data/categories/settings-staff.ts,,,
Settings,6,settings-staff,Staff,3,edit-staff-permissions,Edit a teammate's permissions,false,3,Edit permissions (60 sec),60,3,0,false,false,src/modules/knowledge-base/data/categories/settings-staff.ts,,,
Settings,6,settings-staff,Staff,3,invite-a-team-member,Invite a team member,false,3,Invite teammate (60 sec),60,3,0,false,false,src/modules/knowledge-base/data/categories/settings-staff.ts,,,
Settings,6,settings-staff,Staff,3,staff-overview,Staff overview,false,3,Staff tour (60 sec),60,3,0,false,false,src/modules/knowledge-base/data/categories/settings-staff.ts,,,
Settings,6,settings-staff,Staff,3,staff-troubleshooting,Staff troubleshooting,false,2,Troubleshooting (45 sec),45,3,0,false,false,src/modules/knowledge-base/data/categories/settings-staff.ts,,,
Settings,6,settings-roles,Roles & Permissions,4,create-a-custom-role,Create a custom role,false,4,Custom role (90 sec),90,4,0,false,false,src/modules/knowledge-base/data/categories/settings-roles.ts,,,
Settings,6,settings-roles,Roles & Permissions,4,override-per-user,Override permissions for a single user,false,3,Per-user override (60 sec),60,3,0,false,false,src/modules/knowledge-base/data/categories/settings-roles.ts,,,
Settings,6,settings-roles,Roles & Permissions,4,permission-modules,Permission modules,false,4,Permission modules (90 sec),90,3,0,false,false,src/modules/knowledge-base/data/categories/settings-roles.ts,,,
Settings,6,settings-roles,Roles & Permissions,4,roles-overview,Roles overview,false,4,Roles tour (90 sec),90,3,0,false,false,src/modules/knowledge-base/data/categories/settings-roles.ts,,,
Settings,6,settings-roles,Roles & Permissions,4,roles-troubleshooting,Roles troubleshooting,false,3,Troubleshooting (60 sec),60,3,0,false,false,src/modules/knowledge-base/data/categories/settings-roles.ts,,,
Settings,6,settings-billing,Billing,5,add-or-remove-seats,Add or remove seats,false,3,Manage seats (60 sec),60,3,0,false,false,src/modules/knowledge-base/data/categories/settings-billing.ts,,,
Settings,6,settings-billing,Billing,5,billing-overview,Billing overview,false,3,Billing tour (60 sec),60,3,0,false,false,src/modules/knowledge-base/data/categories/settings-billing.ts,,,
Settings,6,settings-billing,Billing,5,billing-troubleshooting,Billing troubleshooting,false,3,Troubleshooting (60 sec),60,2,0,false,false,src/modules/knowledge-base/data/categories/settings-billing.ts,,,
Settings,6,settings-billing,Billing,5,update-payment-method,Update your payment method,false,2,Update payment (45 sec),45,3,0,false,false,src/modules/knowledge-base/data/categories/settings-billing.ts,,,
Settings,6,settings-billing,Billing,5,view-invoices,View past invoices,false,2,View invoices (45 sec),45,2,0,false,false,src/modules/knowledge-base/data/categories/settings-billing.ts,,,
Settings,6,settings-integrations,Integrations,6,connect-google,Connect Google services,false,4,Connect Google (90 sec),90,3,0,false,false,src/modules/knowledge-base/data/categories/settings-integrations.ts,,,
Settings,6,settings-integrations,Integrations,6,connect-quickbooks,Connect QuickBooks,false,5,Connect QB (2 min),120,4,0,false,false,src/modules/knowledge-base/data/categories/settings-integrations.ts,,,
Settings,6,settings-integrations,Integrations,6,disconnect-an-integration,Disconnect an integration,false,2,Disconnect (45 sec),45,3,0,false,false,src/modules/knowledge-base/data/categories/settings-integrations.ts,,,
Settings,6,settings-integrations,Integrations,6,integrations-overview,Integrations overview,false,4,Integrations tour (90 sec),90,3,0,false,false,src/modules/knowledge-base/data/categories/settings-integrations.ts,,,
Settings,6,settings-integrations,Integrations,6,integrations-troubleshooting,Integrations troubleshooting,false,3,Troubleshooting (90 sec),90,3,0,false,false,src/modules/knowledge-base/data/categories/settings-integrations.ts,,,
Settings,6,settings-communications,Communications,7,communications-overview,Communications overview,false,3,Comms tour (60 sec),60,3,0,false,false,src/modules/knowledge-base/data/categories/settings-communications.ts,,,
Settings,6,settings-communications,Communications,7,communications-troubleshooting,Communications troubleshooting,false,3,Troubleshooting (60 sec),60,3,0,false,false,src/modules/knowledge-base/data/categories/settings-communications.ts,,,
Settings,6,settings-communications,Communications,7,connect-email-service,Connect Gmail or Outlook,false,3,Connect email (60 sec),60,3,0,false,false,src/modules/knowledge-base/data/categories/settings-communications.ts,,,
Settings,6,settings-communications,Communications,7,sms-compliance,SMS compliance and 10DLC,false,5,10DLC (2 min),120,3,0,false,true,src/modules/knowledge-base/data/categories/settings-communications.ts,,,
Settings,6,settings-communications,Communications,7,verify-sender-domain,Verify your sender domain,false,5,Verify domain (2 min),120,4,0,false,false,src/modules/knowledge-base/data/categories/settings-communications.ts,,,
Settings,6,settings-phone-setup,Phone Setup,8,buy-a-phone-number,Buy a phone number,false,2,Buy a number (45 sec),45,3,0,false,false,src/modules/knowledge-base/data/categories/settings-phone-setup.ts,,,
Settings,6,settings-phone-setup,Phone Setup,8,import-existing-twilio-number,Import an existing Twilio number,false,3,Import (60 sec),60,3,0,false,false,src/modules/knowledge-base/data/categories/settings-phone-setup.ts,,,
Settings,6,settings-phone-setup,Phone Setup,8,phone-setup-overview,Phone setup overview,false,3,Phone setup tour (60 sec),60,3,0,false,false,src/modules/knowledge-base/data/categories/settings-phone-setup.ts,,,
Settings,6,settings-phone-setup,Phone Setup,8,phone-troubleshooting,Phone troubleshooting,false,3,Troubleshooting (60 sec),60,3,0,false,false,src/modules/knowledge-base/data/categories/settings-phone-setup.ts,,,
Settings,6,settings-phone-setup,Phone Setup,8,voicemail-setup,Voicemail setup,false,3,Voicemail setup (60 sec),60,3,0,false,false,src/modules/knowledge-base/data/categories/settings-phone-setup.ts,,,
Settings,6,settings-brand-board,Brand Board,9,brand-board-overview,Brand Board overview,false,3,Brand Board tour (60 sec),60,3,0,false,false,src/modules/knowledge-base/data/categories/settings-brand-board.ts,,,
Settings,6,settings-brand-board,Brand Board,9,brand-troubleshooting,Brand troubleshooting,false,2,Troubleshooting (45 sec),45,2,0,false,false,src/modules/knowledge-base/data/categories/settings-brand-board.ts,,,
Settings,6,settings-brand-board,Brand Board,9,pick-brand-fonts,Pick brand fonts,false,2,Brand fonts (45 sec),45,3,0,false,false,src/modules/knowledge-base/data/categories/settings-brand-board.ts,,,
Settings,6,settings-brand-board,Brand Board,9,set-brand-colors,Set brand colors,false,2,Brand colors (45 sec),45,3,0,false,false,src/modules/knowledge-base/data/categories/settings-brand-board.ts,,,
Settings,6,settings-brand-board,Brand Board,9,upload-logo,Upload your logo,false,2,Upload logo (45 sec),45,2,0,false,false,src/modules/knowledge-base/data/categories/settings-brand-board.ts,,,
Settings,6,settings-custom-fields,Custom Fields,10,add-a-custom-field,Add a custom field,false,3,Add field (60 sec),60,4,0,false,false,src/modules/knowledge-base/data/categories/settings-custom-fields.ts,,,
Settings,6,settings-custom-fields,Custom Fields,10,custom-fields-overview,Custom fields overview,false,3,Custom fields tour (60 sec),60,3,0,false,false,src/modules/knowledge-base/data/categories/settings-custom-fields.ts,,,
Settings,6,settings-custom-fields,Custom Fields,10,custom-fields-troubleshooting,Custom fields troubleshooting,false,3,Troubleshooting (45 sec),45,2,0,false,false,src/modules/knowledge-base/data/categories/settings-custom-fields.ts,,,
Settings,6,settings-custom-fields,Custom Fields,10,field-layout,Edit form layout,false,3,Layout editor (60 sec),60,3,0,false,false,src/modules/knowledge-base/data/categories/settings-custom-fields.ts,,,
Settings,6,settings-custom-fields,Custom Fields,10,field-types,Custom field types,false,4,Field types (90 sec),90,5,0,false,false,src/modules/knowledge-base/data/categories/settings-custom-fields.ts,,,
Settings,6,settings-notifications,Notifications,11,configure-per-event,Configure notifications per event,false,3,Per-event (60 sec),60,3,0,false,false,src/modules/knowledge-base/data/categories/settings-notifications.ts,,,
Settings,6,settings-notifications,Notifications,11,mobile-push-notifications,Enable mobile push notifications,false,3,Push notifications (60 sec),60,3,0,false,false,src/modules/knowledge-base/data/categories/settings-notifications.ts,,,
Settings,6,settings-notifications,Notifications,11,notifications-overview,Notifications overview,false,3,Notifications tour (60 sec),60,2,0,false,false,src/modules/knowledge-base/data/categories/settings-notifications.ts,,,
Settings,6,settings-notifications,Notifications,11,notifications-troubleshooting,Notifications troubleshooting,false,3,Troubleshooting (60 sec),60,3,0,false,false,src/modules/knowledge-base/data/categories/settings-notifications.ts,,,
Settings,6,settings-notifications,Notifications,11,quiet-hours,Set quiet hours,false,2,Quiet hours (45 sec),45,2,0,false,false,src/modules/knowledge-base/data/categories/settings-notifications.ts,,,
Settings,6,settings-audit-logs,Audit Logs,12,audit-logs-overview,Audit logs overview,false,3,Audit logs tour (60 sec),60,3,0,false,false,src/modules/knowledge-base/data/categories/settings-audit-logs.ts,,,
Settings,6,settings-audit-logs,Audit Logs,12,audit-troubleshooting,Audit logs troubleshooting,false,2,Troubleshooting (45 sec),45,2,0,false,false,src/modules/knowledge-base/data/categories/settings-audit-logs.ts,,,
Settings,6,settings-audit-logs,Audit Logs,12,export-audit-logs,Export audit logs,false,2,Export (45 sec),45,3,0,false,false,src/modules/knowledge-base/data/categories/settings-audit-logs.ts,,,
Settings,6,settings-audit-logs,Audit Logs,12,log-retention,Audit log retention,false,2,Retention (45 sec),45,3,0,false,false,src/modules/knowledge-base/data/categories/settings-audit-logs.ts,,,
Settings,6,settings-audit-logs,Audit Logs,12,who-did-what,Find who made a specific change,false,2,Who did it (45 sec),45,2,0,false,false,src/modules/knowledge-base/data/categories/settings-audit-logs.ts,,,
Support & Account,7,getting-started,Getting Started,1,connect-your-integrations,"Connect QuickBooks, Google, and EagleView",false,5,Integrations (3 min),180,3,0,false,false,src/modules/knowledge-base/data/categories/getting-started.ts,,,
Support & Account,7,getting-started,Getting Started,1,import-your-existing-data,Import your existing data,false,5,Import data (2 min),120,3,0,false,false,src/modules/knowledge-base/data/categories/getting-started.ts,,,
Support & Account,7,getting-started,Getting Started,1,invite-your-team,Invite your team,false,4,Invite team (90 sec),90,3,0,false,false,src/modules/knowledge-base/data/categories/getting-started.ts,,,
Support & Account,7,getting-started,Getting Started,1,set-your-brand-colors-and-logo,Set your brand colors and logo,false,3,Brand setup (90 sec),90,3,0,false,false,src/modules/knowledge-base/data/categories/getting-started.ts,,,
Support & Account,7,getting-started,Getting Started,1,welcome-to-builderlync,Welcome to BuilderLync — your first 15 minutes,true,6,Welcome to BuilderLync (3 min),180,7,0,true,false,src/modules/knowledge-base/data/categories/getting-started.ts,,,
Support & Account,7,getting-started,Getting Started,1,your-first-15-minutes,Your first 15 minutes,false,5,First 15 minutes (3 min),180,6,0,false,false,src/modules/knowledge-base/data/categories/getting-started.ts,,,
Support & Account,7,account-and-plan,Account & Plan,2,cancel-your-account,Cancel your account,false,4,Cancel (60 sec),60,3,0,false,true,src/modules/knowledge-base/data/categories/account-and-plan.ts,,,
Support & Account,7,account-and-plan,Account & Plan,2,change-your-plan,Change your plan,false,3,Change plan (60 sec),60,3,0,false,false,src/modules/knowledge-base/data/categories/account-and-plan.ts,,,
Support & Account,7,account-and-plan,Account & Plan,2,manage-seats,Manage seats,false,2,Manage seats (45 sec),45,2,0,false,false,src/modules/knowledge-base/data/categories/account-and-plan.ts,,,
Support & Account,7,account-and-plan,Account & Plan,2,subscription-and-billing,Subscription and billing,false,3,Billing tour (60 sec),60,4,0,false,false,src/modules/knowledge-base/data/categories/account-and-plan.ts,,,
Support & Account,7,affiliates,Affiliates,3,affiliates-overview,Affiliates overview,false,3,Affiliates tour (60 sec),60,3,0,false,false,src/modules/knowledge-base/data/categories/affiliates.ts,,,
Support & Account,7,affiliates,Affiliates,3,share-your-referral-link,Share your referral link,false,2,Share link (45 sec),45,3,0,false,false,src/modules/knowledge-base/data/categories/affiliates.ts,,,
Support & Account,7,affiliates,Affiliates,3,view-payouts,View payouts,false,3,View payouts (60 sec),60,3,0,false,false,src/modules/knowledge-base/data/categories/affiliates.ts,,,